"id","secretID","text","createTime","authorMeta.id","authorMeta.secUid","authorMeta.name","authorMeta.nickName","authorMeta.verified","authorMeta.signature","authorMeta.avatar","authorMeta.following","authorMeta.fans","authorMeta.heart","authorMeta.video","authorMeta.digg","musicMeta.musicId","musicMeta.musicName","musicMeta.musicAuthor","musicMeta.musicOriginal","musicMeta.musicAlbum","musicMeta.playUrl","musicMeta.coverThumb","musicMeta.coverMedium","musicMeta.coverLarge","musicMeta.duration","covers.default","covers.origin","covers.dynamic","webVideoUrl","videoUrl","videoUrlNoWaterMark","videoApiUrlNoWaterMark","videoMeta.height","videoMeta.width","videoMeta.duration","diggCount","shareCount","playCount","commentCount","downloaded","mentions","hashtags","effectStickers"
"6933624894731144453","6933624894731144453","ya tengo a mi hijo en casa. el 19 de marzo estará en la vuestra.#rayden #Homonimo",1614360359,"6757311768391468038","MS4wLjABAAAAU96nuUDzLpo-ox23mG5SLbBaubXfUbJ-scYy72_vYceS1OFHDzRYLMtWllLl3uzv","soyrayden","R A Y D E N",true,"Generador de aplausos.
El zurdo que mejor perrea en la península ibérica.","https://p16-sign-sg.tiktokcdn.com/aweme/1080x1080/tos-alisg-avt-0068/7626a16a61cfd00318b41f2660be254f.jpeg?x-expires=1627084800&x-signature=usXR85UuxdcSLOfWcIqBFKDVfJY%3D",21,4058,22300,28,17,"6933624877517753093","sonido original","R A Y D E N",true,"","https://sf16-ies-music-va.tiktokcdn.com/obj/musically-maliva-obj/6933624929900317446.mp3","https://p16-sign-sg.tiktokcdn.com/aweme/100x100/tos-alisg-avt-0068/7626a16a61cfd00318b41f2660be254f.jpeg?x-expires=1627084800&x-signature=1LudrGBzYNu24Y%2FmXvOVCDaER8s%3D","https://p77-sign-sg.tiktokcdn.com/aweme/720x720/tos-alisg-avt-0068/7626a16a61cfd00318b41f2660be254f.jpeg?x-expires=1627084800&x-signature=gWKV4Wvls%2FEH2YPXHajgFZSE2vs%3D","https://p16-sign-sg.tiktokcdn.com/aweme/1080x1080/tos-alisg-avt-0068/7626a16a61cfd00318b41f2660be254f.jpeg?x-expires=1627084800&x-signature=usXR85UuxdcSLOfWcIqBFKDVfJY%3D",43,"https://p16-sign-va.tiktokcdn.com/obj/tos-maliva-p-0068/738a647604fd4f16ab5ce9a4615312c4?x-expires=1627020000&x-signature=TNsROyrs4Dx2NPOqKhHQPv2RGOo%3D","https://p16-sign-va.tiktokcdn.com/obj/tos-maliva-p-0068/1f736118a9684ab3adb5d81c6309bd40_1614360361?x-expires=1627020000&x-signature=bqOAkImIRN9I%2FCxlL%2FgEbtJKZEY%3D","https://p16-sign-va.tiktokcdn.com/obj/tos-maliva-p-0068/9d192f0aa099480781862ff065dd79b8_1614360369?x-expires=1627020000&x-signature=MyjVUBmf6CqCleXosdfxCid1MPw%3D","https://www.tiktok.com/@soyrayden/video/6933624894731144453","https://v16-web.tiktok.com/video/tos/useast2a/tos-useast2a-ve-0068c001/6899021a9d5945afaa6a1e13715d3729/?a=1988&br=2534&bt=1267&cd=0%7C0%7C0&ch=0&cr=0&cs=0&dr=0&ds=3&er=&expire=1627021853&ft=Q9BExEBe_4ka&l=2021072300301001018906514022018AF9&lr=tiktok_m&mime_type=video_mp4&net=0&pl=0&policy=2&qs=0&rc=am95b3RtNXFsMzMzOjczM0ApZTs0Njg2N2U1N2ZoOWZkZ2dyNDJlNDAwcXBgLS1fMTZzc2NfL15gXmFgMi0wLjAuNC06Yw%3D%3D&signature=db329dc72d359daf6967287024b0fb4c&tk=tt_webid_v2&vl=&vr=","","",1024,576,43,227,1,1229,6,false,"[]","[{""id"":""544554"",""name"":""rayden"",""title"":"""",""cover"":""""},{""id"":""49170031"",""name"":""homonimo"",""title"":"""",""cover"":""""}]","[]"
"6932370196577422597","6932370196577422597","""cuando te afeitas"": 1er día.",1614068259,"6757311768391468038","MS4wLjABAAAAU96nuUDzLpo-ox23mG5SLbBaubXfUbJ-scYy72_vYceS1OFHDzRYLMtWllLl3uzv","soyrayden","R A Y D E N",true,"Generador de aplausos.
El zurdo que mejor perrea en la península ibérica.","https://p16-sign-sg.tiktokcdn.com/aweme/1080x1080/tos-alisg-avt-0068/7626a16a61cfd00318b41f2660be254f.jpeg?x-expires=1627084800&x-signature=usXR85UuxdcSLOfWcIqBFKDVfJY%3D",21,4058,22300,28,17,"6735758136004577281","A Mi Yo de Ayer","Rayden",false,"En Alma y Hueso","https://sf16-ies-music-va.tiktokcdn.com/obj/tos-useast2a-ve-2774/52fc7ab3b8da493080dcd22477934e1b","https://p77-va.tiktokcdn.com/img/tos-useast2a-v-2774/547983bd433c466988eb05501785cc18~c5_100x100.jpeg","https://p77-va.tiktokcdn.com/img/tos-useast2a-v-2774/547983bd433c466988eb05501785cc18~c5_200x200.jpeg","https://p77-va.tiktokcdn.com/img/tos-useast2a-v-2774/547983bd433c466988eb05501785cc18~c5_720x720.jpeg",60,"https://p16-sign-va.tiktokcdn.com/obj/tos-maliva-p-0068/deeafa0447974b9f8f8a40ba50629e72?x-expires=1627020000&x-signature=6rYwCtFa%2BqA%2FAbxu%2BluOLap7JtM%3D","https://p16-sign-va.tiktokcdn.com/obj/tos-maliva-p-0068/23916d5b4d3546669397f21fa09e5344_1614068261?x-expires=1627020000&x-signature=t5jMSflvglJ%2F2mv9fm%2B%2FU60QGX0%3D","https://p16-sign-va.tiktokcdn.com/obj/tos-maliva-p-0068/e6d83a6642bf40029f793220dcd71504_1614068261?x-expires=1627020000&x-signature=iW9prhJbxs8%2FEx0yulQBkdGnqLc%3D","https://www.tiktok.com/@soyrayden/video/6932370196577422597","https://v16-web.tiktok.com/video/tos/useast2a/tos-useast2a-ve-0068c003/77185ca306cd4bac87803a0b2a6293d1/?a=1988&br=1954&bt=977&cd=0%7C0%7C1&ch=0&cr=0&cs=0&cv=1&dr=0&ds=3&er=&expire=1627021817&ft=Q9BExEBe_4ka&l=2021072300301001018906514022018AF9&lr=tiktok_m&mime_type=video_mp4&net=0&pl=0&policy=2&qs=0&rc=anI8bDhnN3dlMzMzZTczM0ApMzk8NTQ1OGQ2NzNnOjhkNGc1Xm5hYW4tYm5gLS00MTZzczBfMTBeLjAwXl5fMzY2MTY6Yw%3D%3D&signature=c9aee3bff0854e1bac29b58310af641b&tk=tt_webid_v2&vl=&vr=","","",1024,576,7,663,15,9043,21,false,"[]","[]","[]"
"6931646302467919109","6931646302467919109","#lamujercactusyelhombreglobo detrás de las cámaras #Rayden",1613899697,"6757311768391468038","MS4wLjABAAAAU96nuUDzLpo-ox23mG5SLbBaubXfUbJ-scYy72_vYceS1OFHDzRYLMtWllLl3uzv","soyrayden","R A Y D E N",true,"Generador de aplausos.
El zurdo que mejor perrea en la península ibérica.","https://p16-sign-sg.tiktokcdn.com/aweme/1080x1080/tos-alisg-avt-0068/7626a16a61cfd00318b41f2660be254f.jpeg?x-expires=1627084800&x-signature=usXR85UuxdcSLOfWcIqBFKDVfJY%3D",21,4058,22300,28,17,"6924597202222680065","La mujer cactus y el hombre globo","Rayden",false,"La mujer cactus y el hombre globo","https://sf16-ies-music-va.tiktokcdn.com/obj/tos-useast2a-ve-2774/9e12c4dce6c5440584fa0c171dfe949c","https://p77-va.tiktokcdn.com/img/tos-useast2a-v-2774/108824c1b74c46eb82331ca25b466442~c5_100x100.jpeg","https://p77-va.tiktokcdn.com/img/tos-useast2a-v-2774/108824c1b74c46eb82331ca25b466442~c5_200x200.jpeg","https://p77-va.tiktokcdn.com/img/tos-useast2a-v-2774/108824c1b74c46eb82331ca25b466442~c5_720x720.jpeg",60,"https://p16-sign-va.tiktokcdn.com/obj/tos-maliva-p-0068/350eb5be12844fbab5b3aaf1dabe6dd3?x-expires=1627020000&x-signature=4aDYp0xJId4U5e3%2F17as8ystYME%3D","https://p16-sign-va.tiktokcdn.com/obj/tos-maliva-p-0068/b2b9b9385d764b7aa2f1003a1179e150_1613899698?x-expires=1627020000&x-signature=oxmUgr5iA%2BHbU64yMDVwUncQNQw%3D","https://p16-sign-va.tiktokcdn.com/obj/tos-maliva-p-0068/67e2d132d1b74c93b171780085faae44_1613899698?x-expires=1627020000&x-signature=i2tvDpixV2yYCAXcN2dI64Nr6xU%3D","https://www.tiktok.com/@soyrayden/video/6931646302467919109","https://v16-web.tiktok.com/video/tos/useast2a/tos-useast2a-ve-0068c003/7d52fcb3f01c4671af131c24aa910898/?a=1988&br=1904&bt=952&cd=0%7C0%7C0&ch=0&cr=0&cs=0&dr=0&ds=2&er=&expire=1627021824&ft=Q9BExEBe_4ka&l=2021072300301001018906514022018AF9&lr=tiktok_m&mime_type=video_mp4&net=0&pl=0&policy=2&qs=0&rc=M2xnOGd1Znk1MzMzaTczM0ApOTQ1NjQ4OmQ5NzRpOGY7OWdyNGhtaGIvYm1gLS1fMTZzczEvXjIzMWFjYjYxYzJfLl46Yw%3D%3D&signature=326a4da82497da52ce3814dceb3ac6b8&tk=tt_webid_v2&vl=&vr=","","",848,480,14,1768,4,23500,17,false,"[]","[{""id"":""1691172445146118"",""name"":""lamujercactusyelhombreglobo"",""title"":"""",""cover"":""""},{""id"":""544554"",""name"":""rayden"",""title"":"""",""cover"":""""}]","[]"
"6930240104124468485","6930240104124468485","ahora entendéis las cosas#RuletaDelAmor #rayden",1613572278,"6757311768391468038","MS4wLjABAAAAU96nuUDzLpo-ox23mG5SLbBaubXfUbJ-scYy72_vYceS1OFHDzRYLMtWllLl3uzv","soyrayden","R A Y D E N",true,"Generador de aplausos.
El zurdo que mejor perrea en la península ibérica.","https://p16-sign-sg.tiktokcdn.com/aweme/1080x1080/tos-alisg-avt-0068/7626a16a61cfd00318b41f2660be254f.jpeg?x-expires=1627084800&x-signature=usXR85UuxdcSLOfWcIqBFKDVfJY%3D",21,4058,22300,28,17,"6930240057701878534","sonido original","R A Y D E N",true,"","https://sf16-ies-music-va.tiktokcdn.com/obj/musically-maliva-obj/6930240098910866182.mp3","https://p16-sign-sg.tiktokcdn.com/aweme/100x100/tos-alisg-avt-0068/7626a16a61cfd00318b41f2660be254f.jpeg?x-expires=1627084800&x-signature=1LudrGBzYNu24Y%2FmXvOVCDaER8s%3D","https://p77-sign-sg.tiktokcdn.com/aweme/720x720/tos-alisg-avt-0068/7626a16a61cfd00318b41f2660be254f.jpeg?x-expires=1627084800&x-signature=gWKV4Wvls%2FEH2YPXHajgFZSE2vs%3D","https://p16-sign-sg.tiktokcdn.com/aweme/1080x1080/tos-alisg-avt-0068/7626a16a61cfd00318b41f2660be254f.jpeg?x-expires=1627084800&x-signature=usXR85UuxdcSLOfWcIqBFKDVfJY%3D",9,"https://p16-sign-va.tiktokcdn.com/obj/tos-maliva-p-0068/d1100d95c49a40208b9988b17f9ce605?x-expires=1627020000&x-signature=Mi2XVq6usnsI3YGGk9aZM1hAYUo%3D","https://p16-sign-va.tiktokcdn.com/obj/tos-maliva-p-0068/50bbb4630ad242c3ab644245e590ac93_1613572280?x-expires=1627020000&x-signature=RGT507xkH5zl5q6W8mSs3yIC27Y%3D","https://p16-sign-va.tiktokcdn.com/obj/tos-maliva-p-0068/7bf66f32bb704f3dbe93989279797eb0_1613572280?x-expires=1627020000&x-signature=%2FWzxqRO05HonDEAOX3ydaq1ZNmQ%3D","https://www.tiktok.com/@soyrayden/video/6930240104124468485","https://v16-web.tiktok.com/video/tos/useast2a/tos-useast2a-ve-0068c001/1fb6da3efc85482d9601b112764802a7/?a=1988&br=2346&bt=1173&cd=0%7C0%7C1&ch=0&cr=0&cs=0&cv=1&dr=0&ds=3&er=&expire=1627021819&ft=Q9BExEBe_4ka&l=2021072300301001018906514022018AF9&lr=tiktok_m&mime_type=video_mp4&net=0&pl=0&policy=2&qs=0&rc=amZtPHM0ajVsMzMzaTczM0ApPDlpZ2dmZGVnN2k5OzRlOWc2ZnMycnFsZWpgLS1fMTZzczBgMS9eYTUxXy4yNC4xMjU6Yw%3D%3D&signature=e882a75a16044220035e9f8118bbe558&tk=tt_webid_v2&vl=&vr=","","",1024,576,10,323,1,2487,9,false,"[]","[{""id"":""68065446"",""name"":""ruletadelamor"",""title"":""¿Quieres saber qué te depara este San Valentín? Nuestro nuevo filtro #RuletaDelAmor tiene la respuesta 💘"",""cover"":""""},{""id"":""544554"",""name"":""rayden"",""title"":"""",""cover"":""""}]","[]"
"6928744236988894470","6928744236988894470","¡vaya nivel @nereix13! estoy flipando con vuestros DUOS",1613223997,"6757311768391468038","MS4wLjABAAAAU96nuUDzLpo-ox23mG5SLbBaubXfUbJ-scYy72_vYceS1OFHDzRYLMtWllLl3uzv","soyrayden","R A Y D E N",true,"Generador de aplausos.
El zurdo que mejor perrea en la península ibérica.","https://p16-sign-sg.tiktokcdn.com/aweme/1080x1080/tos-alisg-avt-0068/7626a16a61cfd00318b41f2660be254f.jpeg?x-expires=1627084800&x-signature=usXR85UuxdcSLOfWcIqBFKDVfJY%3D",21,4058,22300,28,17,"6928744208060697350","sonido original","R A Y D E N",true,"","https://sf16-ies-music-va.tiktokcdn.com/obj/musically-maliva-obj/6928744210082368261.mp3","https://p16-sign-sg.tiktokcdn.com/aweme/100x100/tos-alisg-avt-0068/7626a16a61cfd00318b41f2660be254f.jpeg?x-expires=1627084800&x-signature=1LudrGBzYNu24Y%2FmXvOVCDaER8s%3D","https://p77-sign-sg.tiktokcdn.com/aweme/720x720/tos-alisg-avt-0068/7626a16a61cfd00318b41f2660be254f.jpeg?x-expires=1627084800&x-signature=gWKV4Wvls%2FEH2YPXHajgFZSE2vs%3D","https://p16-sign-sg.tiktokcdn.com/aweme/1080x1080/tos-alisg-avt-0068/7626a16a61cfd00318b41f2660be254f.jpeg?x-expires=1627084800&x-signature=usXR85UuxdcSLOfWcIqBFKDVfJY%3D",27,"https://p16-sign-va.tiktokcdn.com/obj/tos-maliva-p-0068/130a97b7fa014a86901ea082b7a1c4fe?x-expires=1627020000&x-signature=NVsoxvc8Lc6600jT6B2Uyaie3AE%3D","https://p16-sign-va.tiktokcdn.com/obj/tos-maliva-p-0068/0e9eb8f6d87a4392ac9d64cac4edfbdd_1613223998?x-expires=1627020000&x-signature=47O2FPvwiFCZKRGiLmGXPQ6AtWc%3D","https://p16-sign-va.tiktokcdn.com/obj/tos-maliva-p-0068/6744e5a2d019429ebe76aa4c26d681ff_1613223999?x-expires=1627020000&x-signature=nKso71E7c65PGrgR7%2BWcI8RrvQ0%3D","https://www.tiktok.com/@soyrayden/video/6928744236988894470","https://v16-web.tiktok.com/video/tos/useast2a/tos-useast2a-pve-0068/0a9b5b24be0f4a7ebe3f08f19f969661/?a=1988&br=994&bt=497&cd=0%7C0%7C0&ch=0&cr=0&cs=0&dr=0&ds=3&er=&expire=1627021837&ft=Q9BExEBe_4ka&l=2021072300301001018906514022018AF9&lr=tiktok_m&mime_type=video_mp4&net=0&pl=0&policy=2&qs=0&rc=M3NwZzV0NTV3MzMzNTczM0ApNGhoZzY1NmU6Nzs6aGc5Zmc0cmNiMmFoZGdgLS0zMTZzc15gXzNjMS0wYjBjLi00NS46Yw%3D%3D&signature=68e8d82eb5b6a259a0741ffc4759aaa7&tk=tt_webid_v2&vl=&vr=","","",576,648,27,94,2,1251,2,false,"[""@nereix13""]","[]","[]"
"6927729143719152902","6927729143719152902","la señorita @laurauvvve lo tiene #cantaconmigo",1612987645,"6757311768391468038","MS4wLjABAAAAU96nuUDzLpo-ox23mG5SLbBaubXfUbJ-scYy72_vYceS1OFHDzRYLMtWllLl3uzv","soyrayden","R A Y D E N",true,"Generador de aplausos.
El zurdo que mejor perrea en la península ibérica.","https://p16-sign-sg.tiktokcdn.com/aweme/1080x1080/tos-alisg-avt-0068/7626a16a61cfd00318b41f2660be254f.jpeg?x-expires=1627084800&x-signature=usXR85UuxdcSLOfWcIqBFKDVfJY%3D",21,4058,22300,28,17,"6927729136052095749","sonido original","R A Y D E N",true,"","https://sf16-ies-music-va.tiktokcdn.com/obj/musically-maliva-obj/6927729164346886918.mp3","https://p16-sign-sg.tiktokcdn.com/aweme/100x100/tos-alisg-avt-0068/7626a16a61cfd00318b41f2660be254f.jpeg?x-expires=1627084800&x-signature=1LudrGBzYNu24Y%2FmXvOVCDaER8s%3D","https://p77-sign-sg.tiktokcdn.com/aweme/720x720/tos-alisg-avt-0068/7626a16a61cfd00318b41f2660be254f.jpeg?x-expires=1627084800&x-signature=gWKV4Wvls%2FEH2YPXHajgFZSE2vs%3D","https://p16-sign-sg.tiktokcdn.com/aweme/1080x1080/tos-alisg-avt-0068/7626a16a61cfd00318b41f2660be254f.jpeg?x-expires=1627084800&x-signature=usXR85UuxdcSLOfWcIqBFKDVfJY%3D",26,"https://p16-sign-va.tiktokcdn.com/obj/tos-maliva-p-0068/cc38cbda25a24726a597b36062753128?x-expires=1627020000&x-signature=F5Z7onBVwuG5C13sUo4yXy5X08s%3D","https://p16-sign-va.tiktokcdn.com/obj/tos-maliva-p-0068/ed25562551e0475d818fc9f3c91160aa_1612987685?x-expires=1627020000&x-signature=UZn42xcB1Hu%2FXEyAKzuar0AYsrw%3D","https://p16-sign-va.tiktokcdn.com/obj/tos-maliva-p-0068/162474f6e5584f3b865fdca36fed1546_1612987649?x-expires=1627020000&x-signature=jMnQM31yFM7n1CJ0jGRdjl0oACM%3D","https://www.tiktok.com/@soyrayden/video/6927729143719152902","https://v16-web.tiktok.com/video/tos/useast2a/tos-useast2a-ve-0068c004/ba77b23c4fe544c5bedc36cd5f83aced/?a=1988&br=1506&bt=753&cd=0%7C0%7C1&ch=0&cr=0&cs=0&cv=1&dr=0&ds=3&er=&expire=1627021836&ft=Q9BExEBe_4ka&l=2021072300301001018906514022018AF9&lr=tiktok_m&mime_type=video_mp4&net=0&pl=0&policy=2&qs=0&rc=anhkZnZrdW42MzMzNTczM0ApZDo2ZzozNDxkN2ZoNGU7aGdzMS1oaWkzbWZgLS0wMTZzcy8vXmMyM180LWA1MDAuYV46Yw%3D%3D&signature=3262695ec74f12d34d1baaeee097786a&tk=tt_webid_v2&vl=&vr=","","",576,656,26,144,8,1511,3,false,"[""@laurauvvve""]","[{""id"":""8286664"",""name"":""cantaconmigo"",""title"":""Amantes de las covers, ¡es momento de mostrar al mundo vuestra maravillosa voz! Haz un dúo con tu artista favorito o ese vídeo cuya canción no te puedes sacar de la cabeza 🎶"",""cover"":""""}]","[]"
"6927393589232291078","6927393589232291078","¡vaya nivel @aroaramca! #cantaconmigo",1612909521,"6757311768391468038","MS4wLjABAAAAU96nuUDzLpo-ox23mG5SLbBaubXfUbJ-scYy72_vYceS1OFHDzRYLMtWllLl3uzv","soyrayden","R A Y D E N",true,"Generador de aplausos.
El zurdo que mejor perrea en la península ibérica.","https://p16-sign-sg.tiktokcdn.com/aweme/1080x1080/tos-alisg-avt-0068/7626a16a61cfd00318b41f2660be254f.jpeg?x-expires=1627084800&x-signature=usXR85UuxdcSLOfWcIqBFKDVfJY%3D",21,4058,22300,28,17,"6927393584463383301","sonido original","R A Y D E N",true,"","https://sf16-ies-music-va.tiktokcdn.com/obj/musically-maliva-obj/6927393625961761541.mp3","https://p16-sign-sg.tiktokcdn.com/aweme/100x100/tos-alisg-avt-0068/7626a16a61cfd00318b41f2660be254f.jpeg?x-expires=1627084800&x-signature=1LudrGBzYNu24Y%2FmXvOVCDaER8s%3D","https://p77-sign-sg.tiktokcdn.com/aweme/720x720/tos-alisg-avt-0068/7626a16a61cfd00318b41f2660be254f.jpeg?x-expires=1627084800&x-signature=gWKV4Wvls%2FEH2YPXHajgFZSE2vs%3D","https://p16-sign-sg.tiktokcdn.com/aweme/1080x1080/tos-alisg-avt-0068/7626a16a61cfd00318b41f2660be254f.jpeg?x-expires=1627084800&x-signature=usXR85UuxdcSLOfWcIqBFKDVfJY%3D",27,"https://p16-sign-va.tiktokcdn.com/obj/tos-maliva-p-0068/625f5dded93340319190ce09c0b01df8?x-expires=1627020000&x-signature=wo2Hzg1355nX2e5ZnFoSa0avn%2Fw%3D","https://p16-sign-va.tiktokcdn.com/obj/tos-maliva-p-0068/b6bbe0e3c5664754b6e4c163db38eded_1612909523?x-expires=1627020000&x-signature=CsIDGDBvUBHUjoc03j4BwFnXhDE%3D","https://p16-sign-va.tiktokcdn.com/obj/tos-maliva-p-0068/977db2df31654f8cb47aaea71de1117a_1612909523?x-expires=1627020000&x-signature=f0vBezIGgKcOVA8a29cWtoSsXLw%3D","https://www.tiktok.com/@soyrayden/video/6927393589232291078","https://v16-web.tiktok.com/video/tos/useast2a/tos-useast2a-ve-0068c001/fe94f1898d844f8c9516341407f2fc33/?a=1988&br=1206&bt=603&cd=0%7C0%7C1&ch=0&cr=0&cs=0&cv=1&dr=0&ds=3&er=&expire=1627021837&ft=Q9BExEBe_4ka&l=2021072300301001018906514022018AF9&lr=tiktok_m&mime_type=video_mp4&net=0&pl=0&policy=2&qs=0&rc=MzptNjpzcm1qMzMzODczM0ApZWg1NGk0ZTw2N2g8Z2g8M2cyczIzYDVka2VgLS0uMTZzczYtMi5gYGIwYTAzYWMwXy06Yw%3D%3D&signature=310ff7015f5918b58455d608b6710ea5&tk=tt_webid_v2&vl=&vr=","","",576,648,27,219,3,2028,4,false,"[""@aroaramca""]","[{""id"":""8286664"",""name"":""cantaconmigo"",""title"":""Amantes de las covers, ¡es momento de mostrar al mundo vuestra maravillosa voz! Haz un dúo con tu artista favorito o ese vídeo cuya canción no te puedes sacar de la cabeza 🎶"",""cover"":""""}]","[]"
"6927350089874787590","6927350089874787590","Espero vuestros DUOS de ""La mujer cactus y el hombre globo"".#rayden #lamujercactusyelhombreglobo #cantaconmigo #canta #duos",1612899390,"6757311768391468038","MS4wLjABAAAAU96nuUDzLpo-ox23mG5SLbBaubXfUbJ-scYy72_vYceS1OFHDzRYLMtWllLl3uzv","soyrayden","R A Y D E N",true,"Generador de aplausos.
El zurdo que mejor perrea en la península ibérica.","https://p16-sign-sg.tiktokcdn.com/aweme/1080x1080/tos-alisg-avt-0068/7626a16a61cfd00318b41f2660be254f.jpeg?x-expires=1627084800&x-signature=usXR85UuxdcSLOfWcIqBFKDVfJY%3D",21,4058,22300,28,17,"6924597202222680065","La mujer cactus y el hombre globo","Rayden",false,"La mujer cactus y el hombre globo","https://sf16-ies-music-va.tiktokcdn.com/obj/tos-useast2a-ve-2774/9e12c4dce6c5440584fa0c171dfe949c","https://p77-va.tiktokcdn.com/img/tos-useast2a-v-2774/108824c1b74c46eb82331ca25b466442~c5_100x100.jpeg","https://p77-va.tiktokcdn.com/img/tos-useast2a-v-2774/108824c1b74c46eb82331ca25b466442~c5_200x200.jpeg","https://p77-va.tiktokcdn.com/img/tos-useast2a-v-2774/108824c1b74c46eb82331ca25b466442~c5_720x720.jpeg",60,"https://p16-sign-va.tiktokcdn.com/obj/tos-maliva-p-0068/671b060a72c34a7dbbd6b039a3e27440?x-expires=1627020000&x-signature=lIprAhxIjIghKQ43fHPZ9wm8Ez0%3D","https://p16-sign-va.tiktokcdn.com/obj/tos-maliva-p-0068/f7ddb33c669c4257ac60fca46d38fbb2_1612899393?x-expires=1627020000&x-signature=K%2BEkf9G7TSGISERcoNhz0a%2BBmKU%3D","https://p16-sign-va.tiktokcdn.com/obj/tos-maliva-p-0068/b3ca55c215074ef283ee967817318b8c_1612899394?x-expires=1627020000&x-signature=2t5R93%2Fj%2FL6Beb28bWjuQSqhxWM%3D","https://www.tiktok.com/@soyrayden/video/6927350089874787590","https://v16-web.tiktok.com/video/tos/useast2a/tos-useast2a-pve-0068/4f4a263c01024fc3b249ca1628b8d838/?a=1988&br=2050&bt=1025&cd=0%7C0%7C1&ch=0&cr=0&cs=0&cv=1&dr=0&ds=3&er=&expire=1627021837&ft=Q9BExEBe_4ka&l=2021072300301001018906514022018AF9&lr=tiktok_m&mime_type=video_mp4&net=0&pl=0&policy=2&qs=0&rc=amlmZzV0NWhoMzMzNTczM0ApPGZpOmc8ZmVlNzdkNDZkZ2dkZGJiMmExNWVgLS0zMTZzczBgXzFfMjEyY182YmEzNjI6Yw%3D%3D&signature=410687d57809f6e3c5b49a99208eb5bf&tk=tt_webid_v2&vl=&vr=","","",1024,576,27,241,8,2436,15,false,"[]","[{""id"":""544554"",""name"":""rayden"",""title"":"""",""cover"":""""},{""id"":""1691172445146118"",""name"":""lamujercactusyelhombreglobo"",""title"":"""",""cover"":""""},{""id"":""8286664"",""name"":""cantaconmigo"",""title"":""Amantes de las covers, ¡es momento de mostrar al mundo vuestra maravillosa voz! Haz un dúo con tu artista favorito o ese vídeo cuya canción no te puedes sacar de la cabeza 🎶"",""cover"":""""},{""id"":""433443"",""name"":""canta"",""title"":"""",""cover"":""""},{""id"":""250368"",""name"":""duos"",""title"":"""",""cover"":""""}]","[]"
"6926544105531002118","6926544105531002118","""La mujer cactus y el hombre globo"" helio versión. #cantamealgo",1612711734,"6757311768391468038","MS4wLjABAAAAU96nuUDzLpo-ox23mG5SLbBaubXfUbJ-scYy72_vYceS1OFHDzRYLMtWllLl3uzv","soyrayden","R A Y D E N",true,"Generador de aplausos.
El zurdo que mejor perrea en la península ibérica.","https://p16-sign-sg.tiktokcdn.com/aweme/1080x1080/tos-alisg-avt-0068/7626a16a61cfd00318b41f2660be254f.jpeg?x-expires=1627084800&x-signature=usXR85UuxdcSLOfWcIqBFKDVfJY%3D",21,4058,22300,28,17,"6924597202222680065","La mujer cactus y el hombre globo","Rayden",false,"La mujer cactus y el hombre globo","https://sf16-ies-music-va.tiktokcdn.com/obj/tos-useast2a-ve-2774/9e12c4dce6c5440584fa0c171dfe949c","https://p77-va.tiktokcdn.com/img/tos-useast2a-v-2774/108824c1b74c46eb82331ca25b466442~c5_100x100.jpeg","https://p77-va.tiktokcdn.com/img/tos-useast2a-v-2774/108824c1b74c46eb82331ca25b466442~c5_200x200.jpeg","https://p77-va.tiktokcdn.com/img/tos-useast2a-v-2774/108824c1b74c46eb82331ca25b466442~c5_720x720.jpeg",60,"https://p16-sign-va.tiktokcdn.com/obj/tos-maliva-p-0068/35bb8ee65b5d41e7a3ee15d2f6056abe?x-expires=1627020000&x-signature=ZMaD5mUpwj6qdMtJ%2FdEhk5VnAo4%3D","https://p16-sign-va.tiktokcdn.com/obj/tos-maliva-p-0068/522ebccc593143c28b332e4ee8ce5c47_1612711736?x-expires=1627020000&x-signature=1MsITneD9yjTn3z82yKZgRHh2dQ%3D","https://p16-sign-va.tiktokcdn.com/obj/tos-maliva-p-0068/be8988de3b8f4c949e32e5dbdec8e508_1612711736?x-expires=1627020000&x-signature=qc0FrRyO5CgQRQwlmGOSbp55TSE%3D","https://www.tiktok.com/@soyrayden/video/6926544105531002118","https://v16-web.tiktok.com/video/tos/useast2a/tos-useast2a-ve-0068c002/5b0b42f0c842425a89df5b2f8d3091de/?a=1988&br=2056&bt=1028&cd=0%7C0%7C0&ch=0&cr=0&cs=0&dr=0&ds=2&er=&expire=1627021822&ft=Q9BExEBe_4ka&l=2021072300301001018906514022018AF9&lr=tiktok_m&mime_type=video_mp4&net=0&pl=0&policy=2&qs=0&rc=anc0OHBwd2YzMzMzNTczM0ApOjlkPDtnMztoNzhkMzc2NGdmYl8vLmhnYmRgLS0wMTZzczJhMmAuYDJhMi4wMGAtMGI6Yw%3D%3D&signature=bc52315f1fe12e7b008d8993b2da9b4e&tk=tt_webid_v2&vl=&vr=","","",848,480,12,357,4,3865,5,false,"[]","[{""id"":""82483861"",""name"":""cantamealgo"",""title"":""¡Artistas! Coged vuestra guitarra o solo vuestra preciosa voz y cantadnos algo 🎤🎶 ¡Inundemos de música TikTok!"",""cover"":""""}]","[]"
"6925771199624662278","6925771199624662278","gracias perdona",1612531785,"6757311768391468038","MS4wLjABAAAAU96nuUDzLpo-ox23mG5SLbBaubXfUbJ-scYy72_vYceS1OFHDzRYLMtWllLl3uzv","soyrayden","R A Y D E N",true,"Generador de aplausos.
El zurdo que mejor perrea en la península ibérica.","https://p16-sign-sg.tiktokcdn.com/aweme/1080x1080/tos-alisg-avt-0068/7626a16a61cfd00318b41f2660be254f.jpeg?x-expires=1627084800&x-signature=usXR85UuxdcSLOfWcIqBFKDVfJY%3D",21,4058,22300,28,17,"6885632636815935490","El mejor de tus errores (feat. Alice Wonder)","Rayden",false,"El mejor de tus errores (feat. Alice Wonder)","https://sf16-ies-music-va.tiktokcdn.com/obj/tos-useast2a-ve-2774/4ad8bfd2a40944cf8d9d8cbef3ba7525","https://p77-va.tiktokcdn.com/img/tos-useast2a-v-2774/d015ff316a574f1faf2689a9c08c4f36~c5_100x100.jpeg","https://p77-va.tiktokcdn.com/img/tos-useast2a-v-2774/d015ff316a574f1faf2689a9c08c4f36~c5_200x200.jpeg","https://p77-va.tiktokcdn.com/img/tos-useast2a-v-2774/d015ff316a574f1faf2689a9c08c4f36~c5_720x720.jpeg",60,"https://p16-sign-va.tiktokcdn.com/obj/tos-maliva-p-0068/6d9296dfc2614280bba88e1c67d30b5b?x-expires=1627020000&x-signature=4gtsc4OwZUw%2FckUH%2Fu%2FuirRy9qs%3D","https://p16-sign-va.tiktokcdn.com/obj/tos-maliva-p-0068/28a0a66d486f4e29a1e6a2bfe85d4258_1612531786?x-expires=1627020000&x-signature=Gp7xmdA3bFacZhetuqnfJwVGzq8%3D","https://p16-sign-va.tiktokcdn.com/obj/tos-maliva-p-0068/2db4ef3f7eb64b339c83953edd738774_1612531786?x-expires=1627020000&x-signature=KenxbUC4XBjmk1viMXl3gg%2BswpE%3D","https://www.tiktok.com/@soyrayden/video/6925771199624662278","https://v16-web.tiktok.com/video/tos/useast2a/tos-useast2a-pve-0068/22b226be9cff4395872e2664e3c1dcd0/?a=1988&br=3444&bt=1722&cd=0%7C0%7C1&ch=0&cr=0&cs=0&cv=1&dr=0&ds=3&er=&expire=1627021825&ft=Q9BExEBe_4ka&l=2021072300301001018906514022018AF9&lr=tiktok_m&mime_type=video_mp4&net=0&pl=0&policy=2&qs=0&rc=M3BseXZ3PGpuMzMzNTczM0ApOTlmOTlnOzwzNzg3Njs6Z2diNV9uLS02ZGJgLS1hMTZzczMwMV9jNDE2LTRiNmFhMi86Yw%3D%3D&signature=8c1b5d8f51ed3bd165b91d6fca38945e&tk=tt_webid_v2&vl=&vr=","","",1024,576,15,337,3,2740,11,false,"[]","[]","[]"
"6925334718414195974","6925334718414195974","CANCIONES EXPLICADAS EN 10''. HOY: #sololosamantessobreviven",1612430180,"6757311768391468038","MS4wLjABAAAAU96nuUDzLpo-ox23mG5SLbBaubXfUbJ-scYy72_vYceS1OFHDzRYLMtWllLl3uzv","soyrayden","R A Y D E N",true,"Generador de aplausos.
El zurdo que mejor perrea en la península ibérica.","https://p16-sign-sg.tiktokcdn.com/aweme/1080x1080/tos-alisg-avt-0068/7626a16a61cfd00318b41f2660be254f.jpeg?x-expires=1627084800&x-signature=usXR85UuxdcSLOfWcIqBFKDVfJY%3D",21,4058,22300,28,17,"6903042713340348418","Solo los amantes sobreviven (feat. Fredi Leis)","Rayden",false,"Solo los amantes sobreviven (feat. Fredi Leis)","https://sf16-ies-music-va.tiktokcdn.com/obj/tos-useast2a-ve-2774/dde5506b9b6841199e2ac0e8bd454de6","https://p77-va.tiktokcdn.com/img/tos-useast2a-v-2774/e4c36d2f0e3a425f933100376920179f~c5_100x100.jpeg","https://p77-va.tiktokcdn.com/img/tos-useast2a-v-2774/e4c36d2f0e3a425f933100376920179f~c5_200x200.jpeg","https://p77-va.tiktokcdn.com/img/tos-useast2a-v-2774/e4c36d2f0e3a425f933100376920179f~c5_720x720.jpeg",60,"https://p16-sign-va.tiktokcdn.com/obj/tos-maliva-p-0068/6430e59a6be6492c81223b47159799ef?x-expires=1627020000&x-signature=MpyVY%2FQayMHO78tLDjrVfisTg%2Fg%3D","https://p16-sign-va.tiktokcdn.com/obj/tos-maliva-p-0068/0a379b35e5da478d95d29ea6a9d9bb6b_1612430181?x-expires=1627020000&x-signature=tz2YvA8Y4LuxsayqzQcL9BXsCkc%3D","https://p16-sign-va.tiktokcdn.com/obj/tos-maliva-p-0068/7d333ecd4633457bbef85e0a09e90528_1612430181?x-expires=1627020000&x-signature=f0nftTs1reIPmKJ7GHw0Cc3b2SQ%3D","https://www.tiktok.com/@soyrayden/video/6925334718414195974","https://v16-web.tiktok.com/video/tos/useast2a/tos-useast2a-pve-0068/396238a05dda4b889f33ec8f759445bc/?a=1988&br=1676&bt=838&cd=0%7C0%7C1&ch=0&cr=0&cs=0&cv=1&dr=0&ds=3&er=&expire=1627021820&ft=Q9BExEBe_4ka&l=2021072300301001018906514022018AF9&lr=tiktok_m&mime_type=video_mp4&net=0&pl=0&policy=2&qs=0&rc=MzV1ZGc7bGl1MzMzNTczM0ApaDQ2aTU5N2VnNzdkZjlnNWdiaG82MXAwamFgLS1hMTZzcy0wMC0tLTU1MjMxNF4wNjU6Yw%3D%3D&signature=0cdb8f0623f8b1d4c54923e2945b599f&tk=tt_webid_v2&vl=&vr=","","",1024,576,10,853,16,13100,9,false,"[]","[{""id"":""1681280694124545"",""name"":""sololosamantessobreviven"",""title"":"""",""cover"":""""}]","[]"
"6925015379727240454","6925015379727240454","#cantaconmigo o toca la música de fondo con capas y capas de instrumentos hasta hacer la #matematicadelacarne definitiva.",1612355808,"6757311768391468038","MS4wLjABAAAAU96nuUDzLpo-ox23mG5SLbBaubXfUbJ-scYy72_vYceS1OFHDzRYLMtWllLl3uzv","soyrayden","R A Y D E N",true,"Generador de aplausos.
El zurdo que mejor perrea en la península ibérica.","https://p16-sign-sg.tiktokcdn.com/aweme/1080x1080/tos-alisg-avt-0068/7626a16a61cfd00318b41f2660be254f.jpeg?x-expires=1627084800&x-signature=usXR85UuxdcSLOfWcIqBFKDVfJY%3D",21,4058,22300,28,17,"6735756987952285698","Matemática de la Carne","Rayden",false,"En Alma y Hueso","https://sf16-ies-music-va.tiktokcdn.com/obj/tos-useast2a-ve-2774/4d88aa8617e54153909b43c091e37d7c","https://p77-va.tiktokcdn.com/img/tos-useast2a-v-2774/547983bd433c466988eb05501785cc18~c5_100x100.jpeg","https://p77-va.tiktokcdn.com/img/tos-useast2a-v-2774/547983bd433c466988eb05501785cc18~c5_200x200.jpeg","https://p77-va.tiktokcdn.com/img/tos-useast2a-v-2774/547983bd433c466988eb05501785cc18~c5_720x720.jpeg",60,"https://p16-sign-va.tiktokcdn.com/obj/tos-maliva-p-0068/c852d08b9c1445c588af2967819b199c?x-expires=1627020000&x-signature=sZq%2FijsMsL%2Bk7ACsWtBZ3QUJo0U%3D","https://p16-sign-va.tiktokcdn.com/obj/tos-maliva-p-0068/0b509680d63f40beb86aae083454f3c6_1612355810?x-expires=1627020000&x-signature=LQ9VN050YVSbnb4RcxHssP5zgI8%3D","https://p16-sign-va.tiktokcdn.com/obj/tos-maliva-p-0068/87542567a43b4da2830ff4081e2474ec_1612355810?x-expires=1627020000&x-signature=ICo0BDf%2FL3qeWJzC9sX6S1g48WU%3D","https://www.tiktok.com/@soyrayden/video/6925015379727240454","https://v16-web.tiktok.com/video/tos/useast2a/tos-useast2a-pve-0068/6d03da70c1f44cf0b267a9a595a013ad/?a=1988&br=2122&bt=1061&cd=0%7C0%7C1&ch=0&cr=0&cs=0&cv=1&dr=0&ds=3&er=&expire=1627021836&ft=Q9BExEBe_4ka&l=2021072300301001018906514022018AF9&lr=tiktok_m&mime_type=video_mp4&net=0&pl=0&policy=2&qs=0&rc=amk1cnF4aWs8MzMzaTczM0ApNTQ3NTpmNzw5N2VmOWY4PGcvYjFvc25sZWFgLS1fMTZzczZfYDFfM2BhYl4vMTVgNWM6Yw%3D%3D&signature=75fab338259c1a0ca0c7d3da27658c32&tk=tt_webid_v2&vl=&vr=","","",1024,576,26,838,6,10900,13,false,"[]","[{""id"":""8286664"",""name"":""cantaconmigo"",""title"":""Amantes de las covers, ¡es momento de mostrar al mundo vuestra maravillosa voz! Haz un dúo con tu artista favorito o ese vídeo cuya canción no te puedes sacar de la cabeza 🎶"",""cover"":""""},{""id"":""4605304"",""name"":""matematicadelacarne"",""title"":"""",""cover"":""""}]","[]"
"6924264186943900933","6924264186943900933","cinco de febrero 👩🏾🌵🎈🧔🏼‍♂️",1612180912,"6757311768391468038","MS4wLjABAAAAU96nuUDzLpo-ox23mG5SLbBaubXfUbJ-scYy72_vYceS1OFHDzRYLMtWllLl3uzv","soyrayden","R A Y D E N",true,"Generador de aplausos.
El zurdo que mejor perrea en la península ibérica.","https://p16-sign-sg.tiktokcdn.com/aweme/1080x1080/tos-alisg-avt-0068/7626a16a61cfd00318b41f2660be254f.jpeg?x-expires=1627084800&x-signature=usXR85UuxdcSLOfWcIqBFKDVfJY%3D",21,4058,22300,28,17,"6924264176403614470","sonido original","R A Y D E N",true,"","https://sf16-ies-music-va.tiktokcdn.com/obj/musically-maliva-obj/6924264105176124165.mp3","https://p16-sign-sg.tiktokcdn.com/aweme/100x100/tos-alisg-avt-0068/7626a16a61cfd00318b41f2660be254f.jpeg?x-expires=1627084800&x-signature=1LudrGBzYNu24Y%2FmXvOVCDaER8s%3D","https://p77-sign-sg.tiktokcdn.com/aweme/720x720/tos-alisg-avt-0068/7626a16a61cfd00318b41f2660be254f.jpeg?x-expires=1627084800&x-signature=gWKV4Wvls%2FEH2YPXHajgFZSE2vs%3D","https://p16-sign-sg.tiktokcdn.com/aweme/1080x1080/tos-alisg-avt-0068/7626a16a61cfd00318b41f2660be254f.jpeg?x-expires=1627084800&x-signature=usXR85UuxdcSLOfWcIqBFKDVfJY%3D",5,"https://p16-sign-va.tiktokcdn.com/obj/tos-maliva-p-0068/4a6f6ad859674112b88f33b13edc9648?x-expires=1627020000&x-signature=aM3dU0jrGtzHlP%2FR4KVGwerBUj4%3D","https://p16-sign-va.tiktokcdn.com/obj/tos-maliva-p-0068/e5ed3674bc744463a84abe29c003a8ae_1612180913?x-expires=1627020000&x-signature=gakhdNX2ZNToX52sExb4AnjHVhU%3D","https://p16-sign-va.tiktokcdn.com/obj/tos-maliva-p-0068/23e513c997934962aaa233ebf72c3c88_1612180913?x-expires=1627020000&x-signature=Hwkc5D5jKln6Ba7jtNTBM4wjsPo%3D","https://www.tiktok.com/@soyrayden/video/6924264186943900933","https://v16-web.tiktok.com/video/tos/useast2a/tos-useast2a-ve-0068c004/5b0a4e0d5b18407a8303f2c05cffbd87/?a=1988&br=810&bt=405&cd=0%7C0%7C1&ch=0&cr=0&cs=0&cv=1&dr=0&ds=3&er=&expire=1627021815&ft=Q9BExEBe_4ka&l=2021072300301001018906514022018AF9&lr=tiktok_m&mime_type=video_mp4&net=0&pl=0&policy=2&qs=0&rc=anJ4bDo6OWV4MzMzZDczM0ApOGQ1PGhpOGRnN2RlaDdnOmdlNWYzNjRkb19gLS1jMTZzczYwXjEvMy9iMjY0NjEwLzU6Yw%3D%3D&signature=4d5ddf97198ec153930a06d8f4b5b52f&tk=tt_webid_v2&vl=&vr=","","",1024,576,5,232,3,2750,5,false,"[]","[]","[]"
"6915789584207039745","6915789584207039745","#vayanevada",1610207742,"6757311768391468038","MS4wLjABAAAAU96nuUDzLpo-ox23mG5SLbBaubXfUbJ-scYy72_vYceS1OFHDzRYLMtWllLl3uzv","soyrayden","R A Y D E N",true,"Generador de aplausos.
El zurdo que mejor perrea en la península ibérica.","https://p16-sign-sg.tiktokcdn.com/aweme/1080x1080/tos-alisg-avt-0068/7626a16a61cfd00318b41f2660be254f.jpeg?x-expires=1627084800&x-signature=usXR85UuxdcSLOfWcIqBFKDVfJY%3D",21,4058,22300,28,17,"6915789569132710658","sonido original","R A Y D E N",true,"","https://sf16-ies-music-sg.tiktokcdn.com/obj/tiktok-obj/6915789538354842370.mp3","https://p16-sign-sg.tiktokcdn.com/aweme/100x100/tos-alisg-avt-0068/7626a16a61cfd00318b41f2660be254f.jpeg?x-expires=1627084800&x-signature=1LudrGBzYNu24Y%2FmXvOVCDaER8s%3D","https://p77-sign-sg.tiktokcdn.com/aweme/720x720/tos-alisg-avt-0068/7626a16a61cfd00318b41f2660be254f.jpeg?x-expires=1627084800&x-signature=gWKV4Wvls%2FEH2YPXHajgFZSE2vs%3D","https://p16-sign-sg.tiktokcdn.com/aweme/1080x1080/tos-alisg-avt-0068/7626a16a61cfd00318b41f2660be254f.jpeg?x-expires=1627084800&x-signature=usXR85UuxdcSLOfWcIqBFKDVfJY%3D",4,"https://p16-sign-sg.tiktokcdn.com/obj/tos-alisg-p-0037/af77fc806e42448cbe02719490845c1c?x-expires=1627020000&x-signature=NCAmGfauWJobbHHTq7dQ9BLclzo%3D","https://p16-sign-sg.tiktokcdn.com/obj/tos-alisg-p-0037/eccf96037ba7499cb4b85d7f6de4bfd7_1610207744?x-expires=1627020000&x-signature=SEJkZLcPNg1wqOmddD8E3TS3bX8%3D","https://p16-sign-sg.tiktokcdn.com/obj/tos-alisg-p-0037/929b95fbf0fa44a6b3ee44e1a3e26ae2_1610207744?x-expires=1627020000&x-signature=zFQldsxgLGBdXnf4F4q1wq77nlA%3D","https://www.tiktok.com/@soyrayden/video/6915789584207039745","https://v16-web.tiktok.com/video/tos/alisg/tos-alisg-pve-0037c001/85dfb14dfab343e49a3aff1b71f10325/?a=1988&br=2792&bt=1396&cd=0%7C0%7C1&ch=0&cr=0&cs=0&cv=1&dr=0&ds=3&er=&expire=1627021814&ft=Q9BExEBe_4ka&l=2021072300301001018906514022018AF9&lr=tiktok_m&mime_type=video_mp4&net=0&pl=0&policy=2&qs=0&rc=MzxwcXFvNXh3eTMzZjczM0ApNmk0ODczO2VpN2gzZTk7aGcuLjJlYnBzMHBfLS02MTRzcy1jNi8vYi1eMzMvLzItYmA6Yw%3D%3D&signature=a5e27266b355935700a858718c3b0897&tk=tt_webid_v2&vl=&vr=","","",720,576,4,262,5,2076,14,false,"[]","[{""id"":""1668947361935366"",""name"":""vayanevada"",""title"":""¡#VayaNevada! 🥶❄️ La que ha liado la Borrasca Filomena... ¿Eres de los 'afortunados' que ya ha podido disfrutar de la nieve o sigues esperando ansiosamente su llegada?"",""cover"":""""}]","[]"
"6908308045432966402","6908308045432966402","Águeda versión. gracias por los duetos que me estáis mandando.",1608465810,"6757311768391468038","MS4wLjABAAAAU96nuUDzLpo-ox23mG5SLbBaubXfUbJ-scYy72_vYceS1OFHDzRYLMtWllLl3uzv","soyrayden","R A Y D E N",true,"Generador de aplausos.
El zurdo que mejor perrea en la península ibérica.","https://p16-sign-sg.tiktokcdn.com/aweme/1080x1080/tos-alisg-avt-0068/7626a16a61cfd00318b41f2660be254f.jpeg?x-expires=1627084800&x-signature=usXR85UuxdcSLOfWcIqBFKDVfJY%3D",21,4058,22300,28,17,"6908308045382667009","sonido original","R A Y D E N",true,"","https://sf16-ies-music-sg.tiktokcdn.com/obj/tiktok-obj/6908308026378291970.mp3","https://p16-sign-sg.tiktokcdn.com/aweme/100x100/tos-alisg-avt-0068/7626a16a61cfd00318b41f2660be254f.jpeg?x-expires=1627084800&x-signature=1LudrGBzYNu24Y%2FmXvOVCDaER8s%3D","https://p77-sign-sg.tiktokcdn.com/aweme/720x720/tos-alisg-avt-0068/7626a16a61cfd00318b41f2660be254f.jpeg?x-expires=1627084800&x-signature=gWKV4Wvls%2FEH2YPXHajgFZSE2vs%3D","https://p16-sign-sg.tiktokcdn.com/aweme/1080x1080/tos-alisg-avt-0068/7626a16a61cfd00318b41f2660be254f.jpeg?x-expires=1627084800&x-signature=usXR85UuxdcSLOfWcIqBFKDVfJY%3D",22,"https://p16-sign-sg.tiktokcdn.com/obj/tos-alisg-p-0037/6c2d38e87d2d47d59dabbe25f0ff0fa8?x-expires=1627020000&x-signature=iQuIWeyDDL6u%2FO6xN5cWFY%2FoCUg%3D","https://p16-sign-sg.tiktokcdn.com/obj/tos-alisg-p-0037/30710c49202847a59224fa38ba73e5d0_1608465812?x-expires=1627020000&x-signature=DveLtg9r1yKfIkGtVAh%2FU9Tpclw%3D","https://p16-sign-sg.tiktokcdn.com/obj/tos-alisg-p-0037/6c0ed037f8a0454fa2d94fb0ce4f3b50_1608465813?x-expires=1627020000&x-signature=C4Fir5KDLKHCVujKEFMmpyo60JA%3D","https://www.tiktok.com/@soyrayden/video/6908308045432966402","https://v16-web.tiktok.com/video/tos/alisg/tos-alisg-pve-0037c001/50efa9e5764141ab86cfcc7aa71c9e0e/?a=1988&br=1078&bt=539&cd=0%7C0%7C1&ch=0&cr=0&cs=0&cv=1&dr=0&ds=3&er=&expire=1627021832&ft=Q9BExEBe_4ka&l=2021072300301001018906514022018AF9&lr=tiktok_m&mime_type=video_mp4&net=0&pl=0&policy=2&qs=0&rc=M21wZnZ2bDdteTMzOTczM0ApNzM7PGY7O2U6Nzg2NDs7aGc1YzBsMjQ0b2NfLS01MTRzczYzMWAtLS9fYTZeMGNfLV46Yw%3D%3D&signature=9f8c8f98413398b53ae771565bbbb2a7&tk=tt_webid_v2&vl=&vr=","","",576,648,22,181,7,3333,12,false,"[]","[]","[]"
"6907206073753636097","6907206073753636097","espero vuestros duetos de #HazDeLuz#cantamealgo",1608209238,"6757311768391468038","MS4wLjABAAAAU96nuUDzLpo-ox23mG5SLbBaubXfUbJ-scYy72_vYceS1OFHDzRYLMtWllLl3uzv","soyrayden","R A Y D E N",true,"Generador de aplausos.
El zurdo que mejor perrea en la península ibérica.","https://p16-sign-sg.tiktokcdn.com/aweme/1080x1080/tos-alisg-avt-0068/7626a16a61cfd00318b41f2660be254f.jpeg?x-expires=1627084800&x-signature=usXR85UuxdcSLOfWcIqBFKDVfJY%3D",21,4058,22300,28,17,"6907206084499442433","sonido original","R A Y D E N",true,"","https://sf16-ies-music-sg.tiktokcdn.com/obj/tiktok-obj/6907206055445400321.mp3","https://p16-sign-sg.tiktokcdn.com/aweme/100x100/tos-alisg-avt-0068/7626a16a61cfd00318b41f2660be254f.jpeg?x-expires=1627084800&x-signature=1LudrGBzYNu24Y%2FmXvOVCDaER8s%3D","https://p77-sign-sg.tiktokcdn.com/aweme/720x720/tos-alisg-avt-0068/7626a16a61cfd00318b41f2660be254f.jpeg?x-expires=1627084800&x-signature=gWKV4Wvls%2FEH2YPXHajgFZSE2vs%3D","https://p16-sign-sg.tiktokcdn.com/aweme/1080x1080/tos-alisg-avt-0068/7626a16a61cfd00318b41f2660be254f.jpeg?x-expires=1627084800&x-signature=usXR85UuxdcSLOfWcIqBFKDVfJY%3D",22,"https://p16-sign-sg.tiktokcdn.com/obj/tos-alisg-p-0037/7eb9f7df5369487c990c1e117e1dbdef?x-expires=1627020000&x-signature=mQ5nd%2BXO4fKV3Sc%2BHaQZgf8aYUw%3D","https://p16-sign-sg.tiktokcdn.com/obj/tos-alisg-p-0037/fb7aba8b308546e4a422681388683642_1608209241?x-expires=1627020000&x-signature=7USPOlkrylloywrmXkmYaVPjvLE%3D","https://p16-sign-sg.tiktokcdn.com/obj/tos-alisg-p-0037/579c62f12c674446a6c88bcaf793a331_1608209241?x-expires=1627020000&x-signature=kxMshjmb1Spt43ddOPDcZiWYM0Q%3D","https://www.tiktok.com/@soyrayden/video/6907206073753636097","https://v16-web.tiktok.com/video/tos/alisg/tos-alisg-pve-0037c001/8544703d46104eb2b689ed6a48a071c0/?a=1988&br=2198&bt=1099&cd=0%7C0%7C1&ch=0&cr=0&cs=0&cv=1&dr=0&ds=3&er=&expire=1627021832&ft=Q9BExEBe_4ka&l=2021072300301001018906514022018AF9&lr=tiktok_m&mime_type=video_mp4&net=0&pl=0&policy=2&qs=0&rc=ajM1bGZvbG1veTMzZjczM0ApNTc7ZWc1NTxmN2U6aThlOGdzamRza2JsM2FfLS1iMTRzczFhYGAtXjFeNjUvYjRgNTY6Yw%3D%3D&signature=0b90efd93391e0f3c60608f0fb1d7d58&tk=tt_webid_v2&vl=&vr=","","",1024,576,22,1634,31,86000,22,false,"[]","[{""id"":""1645423065910277"",""name"":""hazdeluz"",""title"":"""",""cover"":""""},{""id"":""82483861"",""name"":""cantamealgo"",""title"":""¡Artistas! Coged vuestra guitarra o solo vuestra preciosa voz y cantadnos algo 🎤🎶 ¡Inundemos de música TikTok!"",""cover"":""""}]","[]"
"6905070624658541825","6905070624658541825","el bucle#delayed",1607712040,"6757311768391468038","MS4wLjABAAAAU96nuUDzLpo-ox23mG5SLbBaubXfUbJ-scYy72_vYceS1OFHDzRYLMtWllLl3uzv","soyrayden","R A Y D E N",true,"Generador de aplausos.
El zurdo que mejor perrea en la península ibérica.","https://p16-sign-sg.tiktokcdn.com/aweme/1080x1080/tos-alisg-avt-0068/7626a16a61cfd00318b41f2660be254f.jpeg?x-expires=1627084800&x-signature=usXR85UuxdcSLOfWcIqBFKDVfJY%3D",21,4058,22300,28,17,"6903042713340348418","Solo los amantes sobreviven (feat. Fredi Leis)","Rayden",false,"Solo los amantes sobreviven (feat. Fredi Leis)","https://sf16-ies-music-va.tiktokcdn.com/obj/tos-useast2a-ve-2774/dde5506b9b6841199e2ac0e8bd454de6","https://p77-va.tiktokcdn.com/img/tos-useast2a-v-2774/e4c36d2f0e3a425f933100376920179f~c5_100x100.jpeg","https://p77-va.tiktokcdn.com/img/tos-useast2a-v-2774/e4c36d2f0e3a425f933100376920179f~c5_200x200.jpeg","https://p77-va.tiktokcdn.com/img/tos-useast2a-v-2774/e4c36d2f0e3a425f933100376920179f~c5_720x720.jpeg",60,"https://p16-sign-sg.tiktokcdn.com/obj/tos-alisg-p-0037/4bcddeb42fbe428b9b53a4dd08796e0f?x-expires=1627020000&x-signature=U0hdwRiVGNCEcAv1kE6RNRLn1i8%3D","https://p16-sign-sg.tiktokcdn.com/obj/tos-alisg-p-0037/93aff66f82fe40789278d81ea4b416b3_1607712042?x-expires=1627020000&x-signature=vaIHB4DrAilqgCLXPlQ4ddSvzqA%3D","https://p16-sign-sg.tiktokcdn.com/obj/tos-alisg-p-0037/d3243dcbebe14abaa05063c51a71e00a_1607712043?x-expires=1627020000&x-signature=9bMkqZTL%2F%2B7dK4kFHCvWR%2FT1gIw%3D","https://www.tiktok.com/@soyrayden/video/6905070624658541825","https://v16-web.tiktok.com/video/tos/alisg/tos-alisg-pve-0037c001/cd4f8c12b707464aa0982d1d5ccb3a12/?a=1988&br=1962&bt=981&cd=0%7C0%7C1&ch=0&cr=0&cs=0&cv=1&dr=0&ds=3&er=&expire=1627021821&ft=Q9BExEBe_4ka&l=2021072300301001018906514022018AF9&lr=tiktok_m&mime_type=video_mp4&net=0&pl=0&policy=2&qs=0&rc=ajozcHc5dDx1eTMzaDczM0ApNzw8OWg5O2VlNzw0Nzw5M2dvYHA0NTQybjZfLS0zMTRzc2IuNC0uLTI1Ly0zYDE1L146Yw%3D%3D&signature=2ec152e691bc0e26a0c54c29dfeb9e14&tk=tt_webid_v2&vl=&vr=","","",1024,576,11,407,10,5529,11,false,"[]","[{""id"":""93654"",""name"":""delayed"",""title"":""Use our new Creative Effect and show us what happens when your life is #Delayed."",""cover"":""https://p77-va.tiktokcdn.com/obj/musically-maliva-obj/4ed7cfebe098e64ef66dfc200664acc0""}]","[{""id"":""521708"",""name"":""Yo en Destiempo""}]"
"6904603743820483841","6904603743820483841","el baile que pega con todo #cuartetodeibai",1607603336,"6757311768391468038","MS4wLjABAAAAU96nuUDzLpo-ox23mG5SLbBaubXfUbJ-scYy72_vYceS1OFHDzRYLMtWllLl3uzv","soyrayden","R A Y D E N",true,"Generador de aplausos.
El zurdo que mejor perrea en la península ibérica.","https://p16-sign-sg.tiktokcdn.com/aweme/1080x1080/tos-alisg-avt-0068/7626a16a61cfd00318b41f2660be254f.jpeg?x-expires=1627084800&x-signature=usXR85UuxdcSLOfWcIqBFKDVfJY%3D",21,4058,22300,28,17,"6904603730428136193","sonido original","R A Y D E N",true,"","https://sf16-ies-music-sg.tiktokcdn.com/obj/tiktok-obj/6904603689915353857.mp3","https://p16-sign-sg.tiktokcdn.com/aweme/100x100/tos-alisg-avt-0068/7626a16a61cfd00318b41f2660be254f.jpeg?x-expires=1627084800&x-signature=1LudrGBzYNu24Y%2FmXvOVCDaER8s%3D","https://p77-sign-sg.tiktokcdn.com/aweme/720x720/tos-alisg-avt-0068/7626a16a61cfd00318b41f2660be254f.jpeg?x-expires=1627084800&x-signature=gWKV4Wvls%2FEH2YPXHajgFZSE2vs%3D","https://p16-sign-sg.tiktokcdn.com/aweme/1080x1080/tos-alisg-avt-0068/7626a16a61cfd00318b41f2660be254f.jpeg?x-expires=1627084800&x-signature=usXR85UuxdcSLOfWcIqBFKDVfJY%3D",30,"https://p16-sign-sg.tiktokcdn.com/obj/tos-alisg-p-0037/88586cea736d42d1b8737554cf6ade13?x-expires=1627020000&x-signature=w8wcawmzBKJKQPgcycQglPbUykk%3D","https://p16-sign-sg.tiktokcdn.com/obj/tos-alisg-p-0037/5a8844881bb346dfb71bb5a938cf29a0_1607603338?x-expires=1627020000&x-signature=6yD%2F9%2FNBHDBA4r%2FfzgbEUKPUA3M%3D","https://p16-sign-sg.tiktokcdn.com/obj/tos-alisg-p-0037/e6bb86f054764c9cbb124767b5081f7a_1607603338?x-expires=1627020000&x-signature=ErahFt53EQ%2BNntavmOmfzmMOZrU%3D","https://www.tiktok.com/@soyrayden/video/6904603743820483841","https://v16-web.tiktok.com/video/tos/alisg/tos-alisg-pve-0037c001/34e2e0790ffd4aff98ea2b1a2ce090d8/?a=1988&br=1984&bt=992&cd=0%7C0%7C1&ch=0&cr=0&cs=0&cv=1&dr=0&ds=3&er=&expire=1627021840&ft=Q9BExEBe_4ka&l=2021072300301001018906514022018AF9&lr=tiktok_m&mime_type=video_mp4&net=0&pl=0&policy=2&qs=0&rc=M2VpNjhlcHg0eTMzZTczM0ApPGU4Zjw2ZDw6N2c0Zjo2M2cxLTVocC9yNTZfLS0tMTRzcy80MmMuYS0tYS4tNDM0X186Yw%3D%3D&signature=ab1d8140a4091d853bf6386cad693633&tk=tt_webid_v2&vl=&vr=","","",1024,576,30,6942,119,91300,72,false,"[]","[{""id"":""1684278209314817"",""name"":""cuartetodeibai"",""title"":"""",""cover"":""""}]","[]"
"6904217710629113090","6904217710629113090","qué hacer...#Rayden",1607513456,"6757311768391468038","MS4wLjABAAAAU96nuUDzLpo-ox23mG5SLbBaubXfUbJ-scYy72_vYceS1OFHDzRYLMtWllLl3uzv","soyrayden","R A Y D E N",true,"Generador de aplausos.
El zurdo que mejor perrea en la península ibérica.","https://p16-sign-sg.tiktokcdn.com/aweme/1080x1080/tos-alisg-avt-0068/7626a16a61cfd00318b41f2660be254f.jpeg?x-expires=1627084800&x-signature=usXR85UuxdcSLOfWcIqBFKDVfJY%3D",21,4058,22300,28,17,"6903042713340348418","Solo los amantes sobreviven (feat. Fredi Leis)","Rayden",false,"Solo los amantes sobreviven (feat. Fredi Leis)","https://sf16-ies-music-va.tiktokcdn.com/obj/tos-useast2a-ve-2774/dde5506b9b6841199e2ac0e8bd454de6","https://p77-va.tiktokcdn.com/img/tos-useast2a-v-2774/e4c36d2f0e3a425f933100376920179f~c5_100x100.jpeg","https://p77-va.tiktokcdn.com/img/tos-useast2a-v-2774/e4c36d2f0e3a425f933100376920179f~c5_200x200.jpeg","https://p77-va.tiktokcdn.com/img/tos-useast2a-v-2774/e4c36d2f0e3a425f933100376920179f~c5_720x720.jpeg",60,"https://p16-sign-sg.tiktokcdn.com/obj/tos-alisg-p-0037/39a184d9249a4ebeb71719d89f441286?x-expires=1627020000&x-signature=xuX4jSjb1K5S4ZOm1QraP0eagng%3D","https://p16-sign-sg.tiktokcdn.com/obj/tos-alisg-p-0037/b550305101934867bcb5115e039c376e_1607513458?x-expires=1627020000&x-signature=ni%2B7u172mBRfkDk2cM1umYgbH20%3D","https://p16-sign-sg.tiktokcdn.com/obj/tos-alisg-p-0037/80c8e2b23bc347be942a086a2b47efe3_1607513458?x-expires=1627020000&x-signature=BxhnB16f2vvfJst4gxtn4JB79nA%3D","https://www.tiktok.com/@soyrayden/video/6904217710629113090","https://v16-web.tiktok.com/video/tos/alisg/tos-alisg-pve-0037c001/dc63fd2522de4b51890d1ff40cdd8103/?a=1988&br=2112&bt=1056&cd=0%7C0%7C1&ch=0&cr=0&cs=0&cv=1&dr=0&ds=3&er=&expire=1627021828&ft=Q9BExEBe_4ka&l=2021072300301001018906514022018AF9&lr=tiktok_m&mime_type=video_mp4&net=0&pl=0&policy=2&qs=0&rc=amh4czZ1O3JleTMzNTczM0ApOjg2NDg7Ozw1NzZnOjs8Z2dibGgvL2AxXjVfLS1iMTRzczU2MV5jXjMyYzAxYzBeMDU6Yw%3D%3D&signature=f1b6276b5346c6ed0868f6e7e4cf009d&tk=tt_webid_v2&vl=&vr=","","",1024,576,18,1484,20,41200,21,false,"[]","[{""id"":""544554"",""name"":""rayden"",""title"":"""",""cover"":""""}]","[]"
"6903077414868438274","6903077414868438274","que viene, que viene...",1607247959,"6757311768391468038","MS4wLjABAAAAU96nuUDzLpo-ox23mG5SLbBaubXfUbJ-scYy72_vYceS1OFHDzRYLMtWllLl3uzv","soyrayden","R A Y D E N",true,"Generador de aplausos.
El zurdo que mejor perrea en la península ibérica.","https://p16-sign-sg.tiktokcdn.com/aweme/1080x1080/tos-alisg-avt-0068/7626a16a61cfd00318b41f2660be254f.jpeg?x-expires=1627084800&x-signature=usXR85UuxdcSLOfWcIqBFKDVfJY%3D",21,4058,22300,28,17,"6903077408782469889","sonido original","R A Y D E N",true,"","https://sf16-ies-music-sg.tiktokcdn.com/obj/tiktok-obj/6903077354831121153.mp3","https://p16-sign-sg.tiktokcdn.com/aweme/100x100/tos-alisg-avt-0068/7626a16a61cfd00318b41f2660be254f.jpeg?x-expires=1627084800&x-signature=1LudrGBzYNu24Y%2FmXvOVCDaER8s%3D","https://p77-sign-sg.tiktokcdn.com/aweme/720x720/tos-alisg-avt-0068/7626a16a61cfd00318b41f2660be254f.jpeg?x-expires=1627084800&x-signature=gWKV4Wvls%2FEH2YPXHajgFZSE2vs%3D","https://p16-sign-sg.tiktokcdn.com/aweme/1080x1080/tos-alisg-avt-0068/7626a16a61cfd00318b41f2660be254f.jpeg?x-expires=1627084800&x-signature=usXR85UuxdcSLOfWcIqBFKDVfJY%3D",9,"https://p16-sign-sg.tiktokcdn.com/obj/tos-alisg-p-0037/b1189eaf44b44d9d8d37aae745874294?x-expires=1627020000&x-signature=scCikvh4HjZ6GGTZ9dL%2BOI1Uq2c%3D","https://p16-sign-sg.tiktokcdn.com/obj/tos-alisg-p-0037/91bef4e1dd3a43a8b4b0e8f9470fdbe0_1607247962?x-expires=1627020000&x-signature=FW8%2BMRbokwJGcnlvCQ3ZRtWqgt4%3D","https://p16-sign-sg.tiktokcdn.com/obj/tos-alisg-p-0037/1c787b434eb84db19ed864201b8216d3_1607247962?x-expires=1627020000&x-signature=pNVCzO204iETOo7FmzVUt6Nuz1U%3D","https://www.tiktok.com/@soyrayden/video/6903077414868438274","https://v16-web.tiktok.com/video/tos/alisg/tos-alisg-pve-0037c001/3c8375fced21451f95ee948ea2b98114/?a=1988&br=1126&bt=563&cd=0%7C0%7C1&ch=0&cr=0&cs=0&cv=1&dr=0&ds=3&er=&expire=1627021819&ft=Q9BExEBe_4ka&l=2021072300301001018906514022018AF9&lr=tiktok_m&mime_type=video_mp4&net=0&pl=0&policy=2&qs=0&rc=M3ZqbWc6Nm5keTMzZDczM0ApZ2Y3N2VkaWU1N2VkOzxnaGc0X3IuLS0yZDNfLS0yMTRzc2AyNl8uYV4zMjM2Xi9jLmI6Yw%3D%3D&signature=c4880167ec2c41c67f9b8bb1b4ed8940&tk=tt_webid_v2&vl=&vr=","","",1024,576,9,174,5,3314,7,false,"[]","[]","[]"
"6899147571286035713","6899147571286035713","Este año no puede ir a peor... wait...",1606332972,"6757311768391468038","MS4wLjABAAAAU96nuUDzLpo-ox23mG5SLbBaubXfUbJ-scYy72_vYceS1OFHDzRYLMtWllLl3uzv","soyrayden","R A Y D E N",true,"Generador de aplausos.
El zurdo que mejor perrea en la península ibérica.","https://p16-sign-sg.tiktokcdn.com/aweme/1080x1080/tos-alisg-avt-0068/7626a16a61cfd00318b41f2660be254f.jpeg?x-expires=1627084800&x-signature=usXR85UuxdcSLOfWcIqBFKDVfJY%3D",21,4058,22300,28,17,"6899147580644133634","sonido original","R A Y D E N",true,"","https://sf16-ies-music-sg.tiktokcdn.com/obj/tiktok-obj/6899147517481831169.mp3","https://p16-sign-sg.tiktokcdn.com/aweme/100x100/tos-alisg-avt-0068/7626a16a61cfd00318b41f2660be254f.jpeg?x-expires=1627084800&x-signature=1LudrGBzYNu24Y%2FmXvOVCDaER8s%3D","https://p77-sign-sg.tiktokcdn.com/aweme/720x720/tos-alisg-avt-0068/7626a16a61cfd00318b41f2660be254f.jpeg?x-expires=1627084800&x-signature=gWKV4Wvls%2FEH2YPXHajgFZSE2vs%3D","https://p16-sign-sg.tiktokcdn.com/aweme/1080x1080/tos-alisg-avt-0068/7626a16a61cfd00318b41f2660be254f.jpeg?x-expires=1627084800&x-signature=usXR85UuxdcSLOfWcIqBFKDVfJY%3D",11,"https://p16-sign-sg.tiktokcdn.com/obj/tos-alisg-p-0037/56f122522e3d48679392151fe7d48997?x-expires=1627020000&x-signature=UWGILsRXRcq0Ic9DC%2BCv1Uk3z0I%3D","https://p16-sign-sg.tiktokcdn.com/obj/tos-alisg-p-0037/fd994ce2d4fe4284ab4dfb1986f63b0d_1606332974?x-expires=1627020000&x-signature=N1OiBHm%2FJDhtrvutsaD9WP%2F8vvk%3D","https://p16-sign-sg.tiktokcdn.com/obj/tos-alisg-p-0037/057b39a972de4ccd847c8436ae5697ec_1606332974?x-expires=1627020000&x-signature=HyAGKK41x%2BULYin5G%2BxAJ3YQfs4%3D","https://www.tiktok.com/@soyrayden/video/6899147571286035713","https://v16-web.tiktok.com/video/tos/alisg/tos-alisg-pve-0037c001/dac27c1498b442a4978a1946db272bb4/?a=1988&br=1858&bt=929&cd=0%7C0%7C0&ch=0&cr=0&cs=0&dr=0&ds=2&er=&expire=1627021821&ft=Q9BExEBe_4ka&l=2021072300301001018906514022018AF9&lr=tiktok_m&mime_type=video_mp4&net=0&pl=0&policy=2&qs=0&rc=Mzk3aTw8NTxleDMzZzczM0ApaTNkOjs4PGU3NzZpZDo4aWdgZC4xXzVkMXNfLS0zMTRzczMxNmJhY2M0LmIyNi41YS46Yw%3D%3D&signature=961a99b3146039d83a5f52acf845db2a&tk=tt_webid_v2&vl=&vr=","","",848,480,11,3395,12,78000,13,false,"[]","[]","[]"
"6895703121620700418","6895703121620700418","sabe lo que se hace @moniquitaacm. de momento el mejor #Lobailaochallenge #rayden",1605530998,"6757311768391468038","MS4wLjABAAAAU96nuUDzLpo-ox23mG5SLbBaubXfUbJ-scYy72_vYceS1OFHDzRYLMtWllLl3uzv","soyrayden","R A Y D E N",true,"Generador de aplausos.
El zurdo que mejor perrea en la península ibérica.","https://p16-sign-sg.tiktokcdn.com/aweme/1080x1080/tos-alisg-avt-0068/7626a16a61cfd00318b41f2660be254f.jpeg?x-expires=1627084800&x-signature=usXR85UuxdcSLOfWcIqBFKDVfJY%3D",21,4058,22300,28,17,"6895703135717788418","sonido original","R A Y D E N",true,"","https://sf16-ies-music-sg.tiktokcdn.com/obj/tiktok-obj/6895703073004849922.mp3","https://p16-sign-sg.tiktokcdn.com/aweme/100x100/tos-alisg-avt-0068/7626a16a61cfd00318b41f2660be254f.jpeg?x-expires=1627084800&x-signature=1LudrGBzYNu24Y%2FmXvOVCDaER8s%3D","https://p77-sign-sg.tiktokcdn.com/aweme/720x720/tos-alisg-avt-0068/7626a16a61cfd00318b41f2660be254f.jpeg?x-expires=1627084800&x-signature=gWKV4Wvls%2FEH2YPXHajgFZSE2vs%3D","https://p16-sign-sg.tiktokcdn.com/aweme/1080x1080/tos-alisg-avt-0068/7626a16a61cfd00318b41f2660be254f.jpeg?x-expires=1627084800&x-signature=usXR85UuxdcSLOfWcIqBFKDVfJY%3D",22,"https://p16-sign-sg.tiktokcdn.com/obj/tos-alisg-p-0037/260ff12c056e49cea7c7af82baaecb79?x-expires=1627020000&x-signature=fEXCRLeTPX3QpZBQPhycPZJQuNU%3D","https://p16-sign-sg.tiktokcdn.com/obj/tos-alisg-p-0037/c9253bfcb2594592a4125856fd75c8fe_1605531000?x-expires=1627020000&x-signature=H42%2BXPDJK%2Ftub9E%2FmzoBEYwTpkc%3D","https://p16-sign-sg.tiktokcdn.com/obj/tos-alisg-p-0037/732b2e70ac5e4998bf1b8e05f1852593_1605531000?x-expires=1627020000&x-signature=0%2Bkg9aYhk%2B18L%2FBQZ8LXJdbe5Ow%3D","https://www.tiktok.com/@soyrayden/video/6895703121620700418","https://v16-web.tiktok.com/video/tos/alisg/tos-alisg-pve-0037c001/d67c90f2cfc14276bd5790e59a357f8f/?a=1988&br=802&bt=401&cd=0%7C0%7C0&ch=0&cr=0&cs=0&cv=1&dr=0&ds=6&er=&expire=1627021832&ft=Q9BExEBe_4ka&l=2021072300301001018906514022018AF9&lr=tiktok_m&mime_type=video_mp4&net=0&pl=0&policy=2&qs=5&rc=anVtOjU4Z3Y6eDMzNzczM0ApaTs4N2Y1OmU8N2ZlMzUzPGcuNmdqbWc0Xm1fLS0uMTRzczJfMzUyLzAuLTBhYmBhYzA6Yw%3D%3D&signature=dee7a5c91585c905229ea42a670e332e&tk=tt_webid_v2&vl=&vr=","","",576,656,22,127,5,1973,2,false,"[""@moniquitaacm""]","[{""id"":""1683433237936130"",""name"":""lobailaochallenge"",""title"":"""",""cover"":""""},{""id"":""544554"",""name"":""rayden"",""title"":"""",""cover"":""""}]","[]"
"6895342624463457537","6895342624463457537","ahora que hay que sacar la ropa de invierno quiero ver cómo le dais.#LoBailao #lobailaochallenge #JustDanceMoves #challenge #Rayden",1605447063,"6757311768391468038","MS4wLjABAAAAU96nuUDzLpo-ox23mG5SLbBaubXfUbJ-scYy72_vYceS1OFHDzRYLMtWllLl3uzv","soyrayden","R A Y D E N",true,"Generador de aplausos.
El zurdo que mejor perrea en la península ibérica.","https://p16-sign-sg.tiktokcdn.com/aweme/1080x1080/tos-alisg-avt-0068/7626a16a61cfd00318b41f2660be254f.jpeg?x-expires=1627084800&x-signature=usXR85UuxdcSLOfWcIqBFKDVfJY%3D",21,4058,22300,28,17,"6895342639877524226","Original Sound","Unknown",false,"Download","https://sf16-ies-music-sg.tiktokcdn.com/obj/tiktok-obj/6895342570554116866.mp3","https://p77-va.tiktokcdn.com/img/musically-maliva-obj/c16000003f97583dac4~c5_100x100.jpeg","https://p77-va.tiktokcdn.com/img/musically-maliva-obj/c16000003f97583dac4~c5_200x200.jpeg","https://p77-va.tiktokcdn.com/img/musically-maliva-obj/c16000003f97583dac4~c5_720x720.jpeg",25,"https://p16-sign-sg.tiktokcdn.com/obj/tos-alisg-p-0037/3ecf6a4fd721432fab2f3b8ed03d58ca?x-expires=1627020000&x-signature=By3ZyIcBPlv%2FDV0ZMvMvCKZR%2Fkg%3D","https://p16-sign-sg.tiktokcdn.com/obj/tos-alisg-p-0037/313ca5fdf05f4b87a61a339a0819978c_1605447065?x-expires=1627020000&x-signature=MEM2ppQ6hn%2BjOU2AxtxdYTBRJGs%3D","https://p16-sign-sg.tiktokcdn.com/obj/tos-alisg-p-0037/7a0cd4607d2741258fdaf5768f8941a3_1605447065?x-expires=1627020000&x-signature=HgBjdZGBoNr7IAY2peaCwv8coDI%3D","https://www.tiktok.com/@soyrayden/video/6895342624463457537","https://v16-web.tiktok.com/video/tos/alisg/tos-alisg-pve-0037c001/7fd982bd120d4a39985aa09846db2003/?a=1988&br=890&bt=445&cd=0%7C0%7C0&ch=0&cr=0&cs=0&cv=1&dr=0&ds=6&er=&expire=1627021835&ft=Q9BExEBe_4ka&l=2021072300301001018906514022018AF9&lr=tiktok_m&mime_type=video_mp4&net=0&pl=0&policy=2&qs=5&rc=anBob3J3ZjdseDMzNjczM0ApOjRmaDU6OmQ3N2hkPDQ1ZGdwLS9raGwtb2xfLS0wMTRzczE0YmFhNF8yNTAtMTMxL146Yw%3D%3D&signature=c2cf81d2fc1529477b8cb1a56d9725d3&tk=tt_webid_v2&vl=&vr=","","",1024,576,25,391,22,4356,21,false,"[]","[{""id"":""1661151841197061"",""name"":""lobailao"",""title"":"""",""cover"":""""},{""id"":""1683433237936130"",""name"":""lobailaochallenge"",""title"":"""",""cover"":""""},{""id"":""19011"",""name"":""challenge"",""title"":"""",""cover"":""""},{""id"":""544554"",""name"":""rayden"",""title"":"""",""cover"":""""}]","[]"
"6895054976209472769","6895054976209472769","Comidas ligeras#fit #healthfood #ufsamur #rayden",1605380090,"6757311768391468038","MS4wLjABAAAAU96nuUDzLpo-ox23mG5SLbBaubXfUbJ-scYy72_vYceS1OFHDzRYLMtWllLl3uzv","soyrayden","R A Y D E N",true,"Generador de aplausos.
El zurdo que mejor perrea en la península ibérica.","https://p16-sign-sg.tiktokcdn.com/aweme/1080x1080/tos-alisg-avt-0068/7626a16a61cfd00318b41f2660be254f.jpeg?x-expires=1627084800&x-signature=usXR85UuxdcSLOfWcIqBFKDVfJY%3D",21,4058,22300,28,17,"6885632636815935490","El mejor de tus errores (feat. Alice Wonder)","Rayden",false,"El mejor de tus errores (feat. Alice Wonder)","https://sf16-ies-music-va.tiktokcdn.com/obj/tos-useast2a-ve-2774/4ad8bfd2a40944cf8d9d8cbef3ba7525","https://p77-va.tiktokcdn.com/img/tos-useast2a-v-2774/d015ff316a574f1faf2689a9c08c4f36~c5_100x100.jpeg","https://p77-va.tiktokcdn.com/img/tos-useast2a-v-2774/d015ff316a574f1faf2689a9c08c4f36~c5_200x200.jpeg","https://p77-va.tiktokcdn.com/img/tos-useast2a-v-2774/d015ff316a574f1faf2689a9c08c4f36~c5_720x720.jpeg",60,"https://p16-sign-sg.tiktokcdn.com/obj/tos-alisg-p-0037/8c1110b1a75843daa11d1426a04a244c?x-expires=1627020000&x-signature=Npt0feQ9h52Sbcgh4lCt67OiX68%3D","https://p16-sign-sg.tiktokcdn.com/obj/tos-alisg-p-0037/37aa2cf24b4e4477b9bb28dff1765ad2_1605380092?x-expires=1627020000&x-signature=B4NT3ekhZNeoY5fXmdawJL%2FSpW8%3D","https://p16-sign-sg.tiktokcdn.com/obj/tos-alisg-p-0037/b2dd73fa82ee4fa89c3c5913ac1344ae_1605380093?x-expires=1627020000&x-signature=7ZsSp83W22nqTkzRFMTfSHtTqbE%3D","https://www.tiktok.com/@soyrayden/video/6895054976209472769","https://v16-web.tiktok.com/video/tos/alisg/tos-alisg-pve-0037c001/db0dd5b1db1943bb9e328d43cf13ebb2/?a=1988&br=426&bt=213&cd=0%7C0%7C0&ch=0&cr=0&cs=0&cv=1&dr=0&ds=6&er=&expire=1627021822&ft=Q9BExEBe_4ka&l=2021072300301001018906514022018AF9&lr=tiktok_m&mime_type=video_mp4&net=0&pl=0&policy=2&qs=5&rc=ajhzZ3I7OXc1eDMzMzczM0ApNTtlMzY2NjxmN2VnaTc2ZmdxZ3NkLW9jY2xfLS0yMTRzc19hX2NhXl80M2A2Ly1iMmA6Yw%3D%3D&signature=6d797e318cae9e00fd214c5660c44d84&tk=tt_webid_v2&vl=&vr=","","",1024,576,12,219,11,2506,13,false,"[]","[{""id"":""15675"",""name"":""fit"",""title"":"""",""cover"":""""},{""id"":""4915026"",""name"":""healthfood"",""title"":"""",""cover"":""""},{""id"":""1661372710621189"",""name"":""ufsamur"",""title"":"""",""cover"":""""},{""id"":""544554"",""name"":""rayden"",""title"":"""",""cover"":""""}]","[]"
"6894526540491525378","6894526540491525378","""LoBailao"" ya en tu suelo pélvico.#justdancemoves #LoBailao",1605257054,"6757311768391468038","MS4wLjABAAAAU96nuUDzLpo-ox23mG5SLbBaubXfUbJ-scYy72_vYceS1OFHDzRYLMtWllLl3uzv","soyrayden","R A Y D E N",true,"Generador de aplausos.
El zurdo que mejor perrea en la península ibérica.","https://p16-sign-sg.tiktokcdn.com/aweme/1080x1080/tos-alisg-avt-0068/7626a16a61cfd00318b41f2660be254f.jpeg?x-expires=1627084800&x-signature=usXR85UuxdcSLOfWcIqBFKDVfJY%3D",21,4058,22300,28,17,"6894526511517321986","sonido original","R A Y D E N",true,"","https://sf16-ies-music-sg.tiktokcdn.com/obj/tiktok-obj/6894526430202317570.mp3","https://p16-sign-sg.tiktokcdn.com/aweme/100x100/tos-alisg-avt-0068/7626a16a61cfd00318b41f2660be254f.jpeg?x-expires=1627084800&x-signature=1LudrGBzYNu24Y%2FmXvOVCDaER8s%3D","https://p77-sign-sg.tiktokcdn.com/aweme/720x720/tos-alisg-avt-0068/7626a16a61cfd00318b41f2660be254f.jpeg?x-expires=1627084800&x-signature=gWKV4Wvls%2FEH2YPXHajgFZSE2vs%3D","https://p16-sign-sg.tiktokcdn.com/aweme/1080x1080/tos-alisg-avt-0068/7626a16a61cfd00318b41f2660be254f.jpeg?x-expires=1627084800&x-signature=usXR85UuxdcSLOfWcIqBFKDVfJY%3D",27,"https://p16-sign-sg.tiktokcdn.com/obj/tos-alisg-p-0037/d9ce22df8cd743a4add5828fd0dba4f0?x-expires=1627020000&x-signature=DCwBA%2FTLvoNbutWY5PcxnozHPvc%3D","https://p16-sign-sg.tiktokcdn.com/obj/tos-alisg-p-0037/d05bdbf93c6440a1a06e57a57325f80a_1605257056?x-expires=1627020000&x-signature=BcfLLlJ%2F40MH9wByGsZSPhTdEXo%3D","https://p16-sign-sg.tiktokcdn.com/obj/tos-alisg-p-0037/5545e908e11a4fa4be721aa8446bfabd_1605257056?x-expires=1627020000&x-signature=%2BaMUqYcEPL%2Fk%2F6D6qMVHJ2kTs%2FY%3D","https://www.tiktok.com/@soyrayden/video/6894526540491525378","https://v16-web.tiktok.com/video/tos/alisg/tos-alisg-pve-0037c001/1ff84f9d2ef048e0a589167e9b6ba09e/?a=1988&br=1840&bt=920&cd=0%7C0%7C0&ch=0&cr=0&cs=0&dr=0&ds=1&er=&expire=1627021837&ft=Q9BExEBe_4ka&l=2021072300301001018906514022018AF9&lr=tiktok_m&mime_type=video_mp4&net=0&pl=0&policy=2&qs=0&rc=M3lnbDU4aHA3eDMzOjczM0ApZzM7ZDw0ZTxkN2U3NzVkZmdzMG1uNC5wYmtfLS02MTRzcy5gNTU1YTYwMzZiXl4xYGI6Yw%3D%3D&signature=e207f39691fea76897091ac06b2ad353&tk=tt_webid_v2&vl=&vr=","","",360,640,27,165,7,1863,6,false,"[]","[{""id"":""1661151841197061"",""name"":""lobailao"",""title"":"""",""cover"":""""}]","[]"
"6894268477746449666","6894268477746449666","hoy a las 00:00 ""LoBailao""#tiktok #rayden #lobailao #me",1605196969,"6757311768391468038","MS4wLjABAAAAU96nuUDzLpo-ox23mG5SLbBaubXfUbJ-scYy72_vYceS1OFHDzRYLMtWllLl3uzv","soyrayden","R A Y D E N",true,"Generador de aplausos.
El zurdo que mejor perrea en la península ibérica.","https://p16-sign-sg.tiktokcdn.com/aweme/1080x1080/tos-alisg-avt-0068/7626a16a61cfd00318b41f2660be254f.jpeg?x-expires=1627084800&x-signature=usXR85UuxdcSLOfWcIqBFKDVfJY%3D",21,4058,22300,28,17,"6894268493164841729","sonido original","R A Y D E N",true,"","https://sf16-ies-music-sg.tiktokcdn.com/obj/tiktok-obj/6894268444380760833.mp3","https://p16-sign-sg.tiktokcdn.com/aweme/100x100/tos-alisg-avt-0068/7626a16a61cfd00318b41f2660be254f.jpeg?x-expires=1627084800&x-signature=1LudrGBzYNu24Y%2FmXvOVCDaER8s%3D","https://p77-sign-sg.tiktokcdn.com/aweme/720x720/tos-alisg-avt-0068/7626a16a61cfd00318b41f2660be254f.jpeg?x-expires=1627084800&x-signature=gWKV4Wvls%2FEH2YPXHajgFZSE2vs%3D","https://p16-sign-sg.tiktokcdn.com/aweme/1080x1080/tos-alisg-avt-0068/7626a16a61cfd00318b41f2660be254f.jpeg?x-expires=1627084800&x-signature=usXR85UuxdcSLOfWcIqBFKDVfJY%3D",58,"https://p16-sign-sg.tiktokcdn.com/obj/tos-alisg-p-0037/b08ace5653b24fd1bea93a2adcabcf82?x-expires=1627020000&x-signature=1LKPeEI9Y%2BeJjph5cOgIsgae8w0%3D","https://p16-sign-sg.tiktokcdn.com/obj/tos-alisg-p-0037/4657580e85c344f698f4e52f62b5d75b_1605196973?x-expires=1627020000&x-signature=5Roj0kExMKe7OaMc54sOpCdWfYE%3D","https://p16-sign-sg.tiktokcdn.com/obj/tos-alisg-p-0037/b26c9cc0121e4b63b9cdcb2b529fe29c_1605196974?x-expires=1627020000&x-signature=3N94BNrkwFVv7crK3VKCu91krCA%3D","https://www.tiktok.com/@soyrayden/video/6894268477746449666","https://v16-web.tiktok.com/video/tos/alisg/tos-alisg-pve-0037c001/9924ee92a3c647bcb4cc98afac9fdea4/?a=1988&br=944&bt=472&cd=0%7C0%7C0&ch=0&cr=0&cs=0&dr=0&ds=1&er=&expire=1627021869&ft=Q9BExEBe_4ka&l=2021072300301001018906514022018AF9&lr=tiktok_m&mime_type=video_mp4&net=0&pl=0&policy=2&qs=0&rc=M3JndHJ2eGxveDMzNjczM0ApaTlmOmkzNmVlNzQ7OWhmZ2dwaW1yXjJfbGpfLS0tMTRzcy0tM2ItY18wLTZfNS9eMDE6Yw%3D%3D&signature=1dc2394f6e01f6f4134ea18a57485f2d&tk=tt_webid_v2&vl=&vr=","","",360,624,59,121,6,1766,5,false,"[]","[{""id"":""23428"",""name"":""tiktok"",""title"":"""",""cover"":""""},{""id"":""544554"",""name"":""rayden"",""title"":"""",""cover"":""""},{""id"":""1661151841197061"",""name"":""lobailao"",""title"":"""",""cover"":""""},{""id"":""1510"",""name"":""me"",""title"":"""",""cover"":""""}]","[]"
"6893523247049100546","6893523247049100546","La promo en México del single incluye trampas...#rayden",1605023457,"6757311768391468038","MS4wLjABAAAAU96nuUDzLpo-ox23mG5SLbBaubXfUbJ-scYy72_vYceS1OFHDzRYLMtWllLl3uzv","soyrayden","R A Y D E N",true,"Generador de aplausos.
El zurdo que mejor perrea en la península ibérica.","https://p16-sign-sg.tiktokcdn.com/aweme/1080x1080/tos-alisg-avt-0068/7626a16a61cfd00318b41f2660be254f.jpeg?x-expires=1627084800&x-signature=usXR85UuxdcSLOfWcIqBFKDVfJY%3D",21,4058,22300,28,17,"6885632636815935490","El mejor de tus errores (feat. Alice Wonder)","Rayden",false,"El mejor de tus errores (feat. Alice Wonder)","https://sf16-ies-music-va.tiktokcdn.com/obj/tos-useast2a-ve-2774/4ad8bfd2a40944cf8d9d8cbef3ba7525","https://p77-va.tiktokcdn.com/img/tos-useast2a-v-2774/d015ff316a574f1faf2689a9c08c4f36~c5_100x100.jpeg","https://p77-va.tiktokcdn.com/img/tos-useast2a-v-2774/d015ff316a574f1faf2689a9c08c4f36~c5_200x200.jpeg","https://p77-va.tiktokcdn.com/img/tos-useast2a-v-2774/d015ff316a574f1faf2689a9c08c4f36~c5_720x720.jpeg",60,"https://p16-sign-sg.tiktokcdn.com/obj/tos-alisg-p-0037/c457df16aaf04870843249fced571656?x-expires=1627020000&x-signature=GbpQiKaANZ4jvcbBSijAcp715YY%3D","https://p16-sign-sg.tiktokcdn.com/obj/tos-alisg-p-0037/f70efa9493134a9193b5914ef1b53df3_1605023459?x-expires=1627020000&x-signature=1E1%2Bfq%2FioiqzQZx6dECvLFk7iPk%3D","https://p16-sign-sg.tiktokcdn.com/obj/tos-alisg-p-0037/934af611b8414de09c5f9c0b0b81ded3_1605023459?x-expires=1627020000&x-signature=99so%2FYFqThjY8s4kAZLyGifxOLY%3D","https://www.tiktok.com/@soyrayden/video/6893523247049100546","https://v16-web.tiktok.com/video/tos/alisg/tos-alisg-pve-0037c001/fa29de94db5c4a8aa3c0b480bfb6eeea/?a=1988&br=1022&bt=511&cd=0%7C0%7C0&ch=0&cr=0&cs=0&cv=1&dr=0&ds=6&er=&expire=1627021821&ft=Q9BExEBe_4ka&l=2021072300301001018906514022018AF9&lr=tiktok_m&mime_type=video_mp4&net=0&pl=0&policy=2&qs=5&rc=MzttdDdleG9leDMzODczM0ApZmk7Ojk4OjtpNzY8ZDRoZGdsYm1zLW1kYWlfLS0tMTRzcy1hNGE2NDNfLTZgNmMuYS46Yw%3D%3D&signature=eda3cd0cafe8b5ea442d0d4780369640&tk=tt_webid_v2&vl=&vr=","","",1024,576,11,285,11,2440,18,false,"[]","[{""id"":""544554"",""name"":""rayden"",""title"":"""",""cover"":""""}]","[]"
"6893104253330525442","6893104253330525442","#LoBailao 13/11/2020",1604925902,"6757311768391468038","MS4wLjABAAAAU96nuUDzLpo-ox23mG5SLbBaubXfUbJ-scYy72_vYceS1OFHDzRYLMtWllLl3uzv","soyrayden","R A Y D E N",true,"Generador de aplausos.
El zurdo que mejor perrea en la península ibérica.","https://p16-sign-sg.tiktokcdn.com/aweme/1080x1080/tos-alisg-avt-0068/7626a16a61cfd00318b41f2660be254f.jpeg?x-expires=1627084800&x-signature=usXR85UuxdcSLOfWcIqBFKDVfJY%3D",21,4058,22300,28,17,"6893104255423859458","sonido original","R A Y D E N",true,"","https://sf16-ies-music-sg.tiktokcdn.com/obj/tiktok-obj/6893104184678337281.mp3","https://p16-sign-sg.tiktokcdn.com/aweme/100x100/tos-alisg-avt-0068/7626a16a61cfd00318b41f2660be254f.jpeg?x-expires=1627084800&x-signature=1LudrGBzYNu24Y%2FmXvOVCDaER8s%3D","https://p77-sign-sg.tiktokcdn.com/aweme/720x720/tos-alisg-avt-0068/7626a16a61cfd00318b41f2660be254f.jpeg?x-expires=1627084800&x-signature=gWKV4Wvls%2FEH2YPXHajgFZSE2vs%3D","https://p16-sign-sg.tiktokcdn.com/aweme/1080x1080/tos-alisg-avt-0068/7626a16a61cfd00318b41f2660be254f.jpeg?x-expires=1627084800&x-signature=usXR85UuxdcSLOfWcIqBFKDVfJY%3D",13,"https://p16-sign-sg.tiktokcdn.com/obj/tos-alisg-p-0037/167bc374fc834bf19f7078685c5bc04f?x-expires=1627020000&x-signature=HsOd8DItCkLGinBDpQ3%2BaRk9wcQ%3D","https://p16-sign-sg.tiktokcdn.com/obj/tos-alisg-p-0037/6adcd42169b54a349c8811f4d7332273_1604925903?x-expires=1627020000&x-signature=RtjPC%2BE16lDbLgaqXkG%2FwlBFwlk%3D","https://p16-sign-sg.tiktokcdn.com/obj/tos-alisg-p-0037/a95ac32403b849469fb1208ec3a5d2dd_1604925904?x-expires=1627020000&x-signature=WyyxXoH1pI9HPwbyWpMowigpLj4%3D","https://www.tiktok.com/@soyrayden/video/6893104253330525442","https://v16-web.tiktok.com/video/tos/alisg/tos-alisg-pve-0037c001/011402bb1d5d4c0fb14f8b096c34c79b/?a=1988&br=1000&bt=500&cd=0%7C0%7C0&ch=0&cr=0&cs=0&dr=0&ds=1&er=&expire=1627021823&ft=Q9BExEBe_4ka&l=2021072300301001018906514022018AF9&lr=tiktok_m&mime_type=video_mp4&net=0&pl=0&policy=2&qs=0&rc=ajczeG04PGxteDMzOjczM0ApZWY2OjM5Zzw3Nzk5aTQ7Zmc0cnNmcGBxZ2hfLS1eMTRzc18yMzZeX2MxYDMwNTNeNi06Yw%3D%3D&signature=93292c502ac51fd679a70a1779ce5def&tk=tt_webid_v2&vl=&vr=","","",360,638,13,173,6,1505,16,false,"[]","[{""id"":""1661151841197061"",""name"":""lobailao"",""title"":"""",""cover"":""""}]","[]"